[
  {
    "id": "0f138e26-8a4f-45e2-912d-2d18d8125c79",
    "title": "tashkent1qwe",
    "img": "781613UntitledCertificate of Recognition Template - Made with PosterMyWall.jpg",
    "headerimg": "781613Training Certificate - Made with PosterMyWall.jpg",
    "sharxh1": "fserfds",
    "sharxp": "werwwer",
    "sharxh12": "werwwer",
    "sharxp2": "werw",
    "sharxp3": "wrew",
    "izohlar": [],
    "ishVaqti": [],
    "tel1": "wre",
    "tel2": "wer",
    "position": "wer",
    "mail": "wer",
    "mamlakat": "wer",
    "manzil": "ewr",
    "index": "werwe",
    "birlamchi": "wer"
  },
  {
    "id": "905f04bc-24ed-4af5-bbf4-d7971f3cbe93",
    "title": "tashkent1qwe",
    "img": "552420UntitledCertificate of Recognition Template - Made with PosterMyWall.jpg",
    "headerimg": "552420Training Certificate - Made with PosterMyWall.jpg",
    "sharxh1": "fserfds",
    "sharxp": "werwwer",
    "sharxh12": "werwwer",
    "sharxp2": "werw",
    "sharxp3": "wrew",
    "izohlar": [],
    "ishVaqti": [],
    "tel1": "wre",
    "tel2": "wer",
    "position": "wer",
    "mail": "wer",
    "mamlakat": "wer",
    "manzil": "ewr",
    "index": "werwe",
    "birlamchi": "wer"
  }
]