[
  {
    "id": "c9213ba0-dc31-11ed-919c-356a8f9f3e88",
    "email": "abbas@gmail.com",
    "password": "12345678",
    "sarlavha": "mr",
    "jinsi": "erkak",
    "ism": "abbos",
    "fam": "salimov",
    "yangiliklar": "true",
    "maxfilik": "false"
  },
  {
    "id": "c626e760-dc31-11ed-bbe5-7bc2b57dd331",
    "email": "abbas@gmail.com",
    "password": "12345678",
    "sarlavha": "mr",
    "jinsi": "erkak",
    "ism": "abbos",
    "fam": "salimov",
    "yangiliklar": "true",
    "maxfilik": "false"
  }
]